{
  "tailwind.config.js": 1776875856.0,
  "next.config.js": 1780509006.781081,
  "postcss.config.js": 1776701647.0,
  "components/Landing/HowItWorks.js": 1780480741.3144352,
  "components/Landing/Hero.js": 1780480741.3143096,
  "components/Landing/AccessAppModal.js": 1780480741.3141778,
  "components/SuperAdmin/SuperAdminLayout.js": 1780480741.314613,
  "components/Admin/AdminLayout.js": 1780480778.9289296,
  "components/Admin/AuthForm.js": 1776886503.0,
  "components/Common/LegalFooter.js": 1780480741.313809,
  "components/Survey/SimpleWordCloud.js": 1780480778.9293053,
  "components/Analytics/Tracker.js": 1780480741.31357,
  "scripts/purge-stale-tenants.js": 1780480741.3374221,
  "scripts/migrate-to-tenants.js": 1780480741.3372214,
  "lib/rateLimit.js": 1780496794.5372674,
  "lib/generateCode.js": 1776705691.0,
  "lib/auth.js": 1780480741.3240519,
  "lib/superAdmin.js": 1780480741.324601,
  "lib/webhook.js": 1780516808.8283484,
  "lib/tenants.js": 1780480741.32478,
  "lib/analytics.js": 1780480741.3235872,
  "lib/utils.js": 1780480778.932126,
  "lib/validate.js": 1780501759.845316,
  "lib/email.js": 1780480741.3241827,
  "pages/_app.js": 1780480778.9332962,
  "pages/survey.js": 1780510099.667152,
  "pages/index.js": 1780480778.9359486,
  "pages/admin/resultats.js": 1777056303.0,
  "pages/admin/sessions.js": 1776886587.0,
  "pages/admin/index.js": 1780500584.3529944,
  "pages/admin/[tenantId]/resultats.js": 1780480741.3270323,
  "pages/admin/[tenantId]/sondages.js": 1780500555.9950995,
  "pages/admin/[tenantId]/index.js": 1780480741.326805,
  "pages/super-admin/activity.js": 1780480741.334676,
  "pages/super-admin/login.js": 1780480741.335325,
  "pages/super-admin/dashboard.js": 1780480741.3350508,
  "pages/api/track.js": 1780480741.333616,
  "pages/api/sessions.js": 1780480778.93557,
  "pages/api/ping.js": 1780480741.3287344,
  "pages/api/craintes.js": 1776794121.0,
  "pages/api/settings.js": 1776875558.0,
  "pages/api/tenant/consume-magic-link.js": 1780480741.332691,
  "pages/api/tenant/request-link.js": 1780501772.9021082,
  "pages/api/tenant/logout.js": 1780480741.332823,
  "pages/api/tenant/[tenantId]/sondages.js": 1780480741.332365,
  "pages/api/tenant/[tenantId]/me.js": 1780480741.3317811,
  "pages/api/tenant/[tenantId]/analyze.js": 1780516978.633947,
  "pages/api/tenant/[tenantId]/session/[sessionId].js": 1780510175.6383164,
  "pages/api/tenant/[tenantId]/session/[sessionId]/lookup.js": 1780516792.8833845,
  "pages/api/tenant/[tenantId]/session/[sessionId]/email.js": 1780480741.3321886,
  "pages/api/tenant/public/[tenantId].js": 1780480741.3331573,
  "pages/api/admin/purge.js": 1780480741.3283513,
  "pages/api/admin/logout.js": 1780480778.9345682,
  "pages/api/admin/auth.js": 1780480778.9343505,
  "pages/api/admin/analyze.js": 1780480778.9341192,
  "pages/api/admin/setup-check.js": 1780480778.934915,
  "pages/api/super-admin/activity.js": 1780480741.3296292,
  "pages/api/super-admin/logout.js": 1780480741.330399,
  "pages/api/super-admin/tenants.js": 1780480741.3308303,
  "pages/api/super-admin/login.js": 1780480741.3302765,
  "pages/api/super-admin/activity/export.js": 1780480741.3298254,
  "pages/api/super-admin/tenants/[tenantId]/delete.js": 1780480741.3310852,
  "pages/api/super-admin/stats/daily.js": 1780480741.3305442,
  "pages/api/session/[sessionId].js": 1780480778.935074,
  "pages/api/session/[sessionId]/email.js": 1780480778.9353724,
  "CLAUDE.md": 1776693004.0,
  "docs/superpowers/plans/2026-04-20-sondage-ia-implementation.md": 1776839765.0,
  "docs/superpowers/specs/2026-04-20-sondage-ia-design.md": 1776873226.0,
  "graphify-out/graph.html": 1780520659.098979,
  "graphify-out/GRAPH_REPORT.md": 1780520638.958713,
  "graphify-out/memory/query_20260601_124210_comment_readjsonfile___joue_t_il_le_r\u00f4le_de_pont_e.md": 1780480741.3233597,
  "public/hard-reload.html": 1776760379.0,
  "data/config/prompt_craintes.md": 1780480778.9299629,
  "data/config/prompt_attentes.md": 1780480778.9296753,
  "public/logo-transilio.png": 1780480778.9369307
}